{
  "metadataVersion": "1.0",
  "id": "com.sap.bi.da.extension.googleanalyticsextension",
  "name": "Google Analytics and YouTube Analytics",
  "description": "Connect to Google Analytics and YouTube",
  "version": "1.25.2.201611031046",
  "vendor" : {
    "name": "Michael Voloshko",
    "url": "michael.voloshko@sap.com"
  },
  "requires": [
    {
	  "id": "sap.bi.da.extension.sdk",
	  "version": "1.25.1",
	  "match": "greaterOrEqual"
    }
  ],
  "eclipse": {
    "plugins": [
	  {
	    "id": "com.sap.bi.da.extension.googleanalyticsextension",
		"version": "1.25.2.201611031046"
	  }
	]
  },
  "bundles": [
    {
      "id": "com.sap.bi.da.extension.googleanalyticsextension",
      "version": "1.25.2.201611031046"
    }
  ]
}